Workbook

Sheet Suivi
A1: Les petits jours — suivi du calendrier
A2: Légende : colonnes C et D = contenu prévu (x). Colonnes G à M = état d'avancement par personne (liste déroulante) : À faire → En cours → Prêt → Publié. Modifie uniquement ces cellules et les notes.
A4: Jour | B4: Date | C4: Vidéo | D4: Photo | E4: Type de case | F4: Notes | G4: Brice | H4: Antoine | I4: Amandine | J4: Orleane | K4: Louisa | L4: Thomas | M4: Emerick
A5: 1 | B5: 46357 | C5: x | D5: x | E5: =IF(AND(C5="x",D5="x"),"Vidéo + photo",IF(C5="x","Vidéo",IF(D5="x","Photo","Texte"))) -> Vidéo + photo | F5: Vidéo d'intro : « Salut, j'ai décidé de te faire un petit calendrier de l'Avent, j'espère que ça te plaira, tu auras des petites vidéos, des photos, des textes etc… » | G5: À faire | H5: À faire | I5: À faire | J5: À faire | K5: À faire | L5: À faire | M5: À faire
A6: 2 | B6: 46358 | D6: x | E6: =IF(AND(C6="x",D6="x"),"Vidéo + photo",IF(C6="x","Vidéo",IF(D6="x","Photo","Texte"))) -> Photo | G6: À faire | H6: À faire | I6: À faire | J6: À faire | K6: À faire | L6: À faire | M6: À faire
A7: 3 | B7: 46359 | D7: x | E7: =IF(AND(C7="x",D7="x"),"Vidéo + photo",IF(C7="x","Vidéo",IF(D7="x","Photo","Texte"))) -> Photo | G7: À faire | H7: À faire | I7: À faire | J7: À faire | K7: À faire | L7: À faire | M7: À faire
A8: 4 | B8: 46360 | C8: x | E8: =IF(AND(C8="x",D8="x"),"Vidéo + photo",IF(C8="x","Vidéo",IF(D8="x","Photo","Texte"))) -> Vidéo | G8: À faire | H8: À faire | I8: À faire | J8: À faire | K8: À faire | L8: À faire | M8: À faire
A9: 5 | B9: 46361 | D9: x | E9: =IF(AND(C9="x",D9="x"),"Vidéo + photo",IF(C9="x","Vidéo",IF(D9="x","Photo","Texte"))) -> Photo | G9: À faire | H9: À faire | I9: À faire | J9: À faire | K9: À faire | L9: À faire | M9: À faire
A10: 6 | B10: 46362 | D10: x | E10: =IF(AND(C10="x",D10="x"),"Vidéo + photo",IF(C10="x","Vidéo",IF(D10="x","Photo","Texte"))) -> Photo | G10: À faire | H10: À faire | I10: À faire | J10: À faire | K10: À faire | L10: À faire | M10: À faire
A11: 7 | B11: 46363 | D11: x | E11: =IF(AND(C11="x",D11="x"),"Vidéo + photo",IF(C11="x","Vidéo",IF(D11="x","Photo","Texte"))) -> Photo | G11: À faire | H11: À faire | I11: À faire | J11: À faire | K11: À faire | L11: À faire | M11: À faire
A12: 8 | B12: 46364 | E12: =IF(AND(C12="x",D12="x"),"Vidéo + photo",IF(C12="x","Vidéo",IF(D12="x","Photo","Texte"))) -> Texte | G12: À faire | H12: À faire | I12: À faire | J12: À faire | K12: À faire | L12: À faire | M12: À faire
A13: 9 | B13: 46365 | C13: x | D13: x | E13: =IF(AND(C13="x",D13="x"),"Vidéo + photo",IF(C13="x","Vidéo",IF(D13="x","Photo","Texte"))) -> Vidéo + photo | G13: À faire | H13: À faire | I13: À faire | J13: À faire | K13: À faire | L13: À faire | M13: À faire
A14: 10 | B14: 46366 | D14: x | E14: =IF(AND(C14="x",D14="x"),"Vidéo + photo",IF(C14="x","Vidéo",IF(D14="x","Photo","Texte"))) -> Photo | G14: À faire | H14: À faire | I14: À faire | J14: À faire | K14: À faire | L14: À faire | M14: À faire
A15: 11 | B15: 46367 | C15: x | E15: =IF(AND(C15="x",D15="x"),"Vidéo + photo",IF(C15="x","Vidéo",IF(D15="x","Photo","Texte"))) -> Vidéo | G15: À faire | H15: À faire | I15: À faire | J15: À faire | K15: À faire | L15: À faire | M15: À faire
A16: 12 | B16: 46368 | C16: x | D16: x | E16: =IF(AND(C16="x",D16="x"),"Vidéo + photo",IF(C16="x","Vidéo",IF(D16="x","Photo","Texte"))) -> Vidéo + photo | G16: À faire | H16: À faire | I16: À faire | J16: À faire | K16: À faire | L16: À faire | M16: À faire
A17: 13 | B17: 46369 | D17: x | E17: =IF(AND(C17="x",D17="x"),"Vidéo + photo",IF(C17="x","Vidéo",IF(D17="x","Photo","Texte"))) -> Photo | G17: À faire | H17: À faire | I17: À faire | J17: À faire | K17: À faire | L17: À faire | M17: À faire
A18: 14 | B18: 46370 | E18: =IF(AND(C18="x",D18="x"),"Vidéo + photo",IF(C18="x","Vidéo",IF(D18="x","Photo","Texte"))) -> Texte | G18: À faire | H18: À faire | I18: À faire | J18: À faire | K18: À faire | L18: À faire | M18: À faire
A19: 15 | B19: 46371 | D19: x | E19: =IF(AND(C19="x",D19="x"),"Vidéo + photo",IF(C19="x","Vidéo",IF(D19="x","Photo","Texte"))) -> Photo | G19: À faire | H19: À faire | I19: À faire | J19: À faire | K19: À faire | L19: À faire | M19: À faire
A20: 16 | B20: 46372 | C20: x | E20: =IF(AND(C20="x",D20="x"),"Vidéo + photo",IF(C20="x","Vidéo",IF(D20="x","Photo","Texte"))) -> Vidéo | G20: À faire | H20: À faire | I20: À faire | J20: À faire | K20: À faire | L20: À faire | M20: À faire
A21: 17 | B21: 46373 | D21: x | E21: =IF(AND(C21="x",D21="x"),"Vidéo + photo",IF(C21="x","Vidéo",IF(D21="x","Photo","Texte"))) -> Photo | G21: À faire | H21: À faire | I21: À faire | J21: À faire | K21: À faire | L21: À faire | M21: À faire
A22: 18 | B22: 46374 | D22: x | E22: =IF(AND(C22="x",D22="x"),"Vidéo + photo",IF(C22="x","Vidéo",IF(D22="x","Photo","Texte"))) -> Photo | G22: À faire | H22: À faire | I22: À faire | J22: À faire | K22: À faire | L22: À faire | M22: À faire
A23: 19 | B23: 46375 | E23: =IF(AND(C23="x",D23="x"),"Vidéo + photo",IF(C23="x","Vidéo",IF(D23="x","Photo","Texte"))) -> Texte | G23: À faire | H23: À faire | I23: À faire | J23: À faire | K23: À faire | L23: À faire | M23: À faire
A24: 20 | B24: 46376 | C24: x | E24: =IF(AND(C24="x",D24="x"),"Vidéo + photo",IF(C24="x","Vidéo",IF(D24="x","Photo","Texte"))) -> Vidéo | G24: À faire | H24: À faire | I24: À faire | J24: À faire | K24: À faire | L24: À faire | M24: À faire
A25: 21 | B25: 46377 | D25: x | E25: =IF(AND(C25="x",D25="x"),"Vidéo + photo",IF(C25="x","Vidéo",IF(D25="x","Photo","Texte"))) -> Photo | G25: À faire | H25: À faire | I25: À faire | J25: À faire | K25: À faire | L25: À faire | M25: À faire
A26: 22 | B26: 46378 | E26: =IF(AND(C26="x",D26="x"),"Vidéo + photo",IF(C26="x","Vidéo",IF(D26="x","Photo","Texte"))) -> Texte | G26: À faire | H26: À faire | I26: À faire | J26: À faire | K26: À faire | L26: À faire | M26: À faire
A27: 23 | B27: 46379 | D27: x | E27: =IF(AND(C27="x",D27="x"),"Vidéo + photo",IF(C27="x","Vidéo",IF(D27="x","Photo","Texte"))) -> Photo | G27: À faire | H27: À faire | I27: À faire | J27: À faire | K27: À faire | L27: À faire | M27: À faire
A28: 24 | B28: 46380 | C28: x | D28: x | E28: =IF(AND(C28="x",D28="x"),"Vidéo + photo",IF(C28="x","Vidéo",IF(D28="x","Photo","Texte"))) -> Vidéo + photo | F28: Vidéo de fin : « Salut xxxx, j'espère que ce calendrier de l'avent t'as plus… » | G28: À faire | H28: À faire | I28: À faire | J28: À faire | K28: À faire | L28: À faire | M28: À faire
F30: Publié (sur 24) | G30: =COUNTIF(G5:G28,"Publié") -> 0 | H30: =COUNTIF(H5:H28,"Publié") -> 0 | I30: =COUNTIF(I5:I28,"Publié") -> 0 | J30: =COUNTIF(J5:J28,"Publié") -> 0 | K30: =COUNTIF(K5:K28,"Publié") -> 0 | L30: =COUNTIF(L5:L28,"Publié") -> 0 | M30: =COUNTIF(M5:M28,"Publié") -> 0
F31: Prêt ou publié (sur 24) | G31: =COUNTIF(G5:G28,"Publié")+COUNTIF(G5:G28,"Prêt") -> 0 | H31: =COUNTIF(H5:H28,"Publié")+COUNTIF(H5:H28,"Prêt") -> 0 | I31: =COUNTIF(I5:I28,"Publié")+COUNTIF(I5:I28,"Prêt") -> 0 | J31: =COUNTIF(J5:J28,"Publié")+COUNTIF(J5:J28,"Prêt") -> 0 | K31: =COUNTIF(K5:K28,"Publié")+COUNTIF(K5:K28,"Prêt") -> 0 | L31: =COUNTIF(L5:L28,"Publié")+COUNTIF(L5:L28,"Prêt") -> 0 | M31: =COUNTIF(M5:M28,"Publié")+COUNTIF(M5:M28,"Prêt") -> 0

Sheet Progression
A1: Progression par personne
A3: Personne | B3: À faire | C3: En cours | D3: Prêt | E3: Publié | F3: % prêt ou publié
A4: Brice | B4: =COUNTIF(Suivi!G5:G28,"À faire") -> 24 | C4: =COUNTIF(Suivi!G5:G28,"En cours") -> 0 | D4: =COUNTIF(Suivi!G5:G28,"Prêt") -> 0 | E4: =COUNTIF(Suivi!G5:G28,"Publié") -> 0 | F4: =(D4+E4)/SUM(B4:E4) -> 0
A5: Antoine | B5: =COUNTIF(Suivi!H5:H28,"À faire") -> 24 | C5: =COUNTIF(Suivi!H5:H28,"En cours") -> 0 | D5: =COUNTIF(Suivi!H5:H28,"Prêt") -> 0 | E5: =COUNTIF(Suivi!H5:H28,"Publié") -> 0 | F5: =(D5+E5)/SUM(B5:E5) -> 0
A6: Amandine | B6: =COUNTIF(Suivi!I5:I28,"À faire") -> 24 | C6: =COUNTIF(Suivi!I5:I28,"En cours") -> 0 | D6: =COUNTIF(Suivi!I5:I28,"Prêt") -> 0 | E6: =COUNTIF(Suivi!I5:I28,"Publié") -> 0 | F6: =(D6+E6)/SUM(B6:E6) -> 0
A7: Orleane | B7: =COUNTIF(Suivi!J5:J28,"À faire") -> 24 | C7: =COUNTIF(Suivi!J5:J28,"En cours") -> 0 | D7: =COUNTIF(Suivi!J5:J28,"Prêt") -> 0 | E7: =COUNTIF(Suivi!J5:J28,"Publié") -> 0 | F7: =(D7+E7)/SUM(B7:E7) -> 0
A8: Louisa | B8: =COUNTIF(Suivi!K5:K28,"À faire") -> 24 | C8: =COUNTIF(Suivi!K5:K28,"En cours") -> 0 | D8: =COUNTIF(Suivi!K5:K28,"Prêt") -> 0 | E8: =COUNTIF(Suivi!K5:K28,"Publié") -> 0 | F8: =(D8+E8)/SUM(B8:E8) -> 0
A9: Thomas | B9: =COUNTIF(Suivi!L5:L28,"À faire") -> 24 | C9: =COUNTIF(Suivi!L5:L28,"En cours") -> 0 | D9: =COUNTIF(Suivi!L5:L28,"Prêt") -> 0 | E9: =COUNTIF(Suivi!L5:L28,"Publié") -> 0 | F9: =(D9+E9)/SUM(B9:E9) -> 0
A10: Emerick | B10: =COUNTIF(Suivi!M5:M28,"À faire") -> 24 | C10: =COUNTIF(Suivi!M5:M28,"En cours") -> 0 | D10: =COUNTIF(Suivi!M5:M28,"Prêt") -> 0 | E10: =COUNTIF(Suivi!M5:M28,"Publié") -> 0 | F10: =(D10+E10)/SUM(B10:E10) -> 0
A11: Total | B11: =SUM(B4:B10) -> 168 | C11: =SUM(C4:C10) -> 0 | D11: =SUM(D4:D10) -> 0 | E11: =SUM(E4:E10) -> 0 | F11: =(D11+E11)/SUM(B11:E11) -> 0
A13: Répartition du contenu prévu
A14: Jours avec vidéo | B14: =COUNTIF(Suivi!C5:C28,"x") -> 8
A15: Jours avec photo | B15: =COUNTIF(Suivi!D5:D28,"x") -> 16
A16: Jours avec vidéo + photo | B16: =COUNTIF(Suivi!E5:E28,"Vidéo + photo") -> 4
A17: Jours avec texte seul | B17: =COUNTIF(Suivi!E5:E28,"Texte") -> 4

Sheet Textes
A1: Textes par personne (jours sans média + mot du 24)
A2: Jours concernés : 8, 14, 19, 22, 24 décembre (le 24 est un mot de fin en plus de la vidéo et de la photo). Les textes sont volontairement simples et chaleureux : adapte-les avec un souvenir ou une private joke pour chaque personne. Tout est modifiable ici.
A4: Personne | B4: Jour | C4: Date | D4: Texte | E4: Caractères
A5: Brice | B5: 8 | C5: 46364 | D5: Salut Brice ! Aujourd'hui, pas de photo ni de vidéo, juste un petit mot : en décembre tout va vite, alors prends cinq minutes pour souffler. Chocolat chaud, plaid, musique de Noël… tu l'as bien mérité. Je pense à toi. | E5: =LEN(D5) -> 217
A6: Brice | B6: 14 | C6: 46370 | D6: Brice, on est déjà à la moitié du chemin ! Une case sans image aujourd'hui, pour te dire que j'espère que ce calendrier te fait sourire jusqu'ici. Il reste encore plein de surprises, ne lâche rien. | E6: =LEN(D6) -> 197
A7: Brice | B7: 19 | C7: 46375 | D7: Brice, plus que quelques jours avant Noël ! Aujourd'hui, un mot pour te souhaiter de beaux préparatifs et un peu de calme malgré la course aux cadeaux. Respire, ça va être beau. | E7: =LEN(D7) -> 177
A8: Brice | B8: 22 | C8: 46378 | D8: Brice, plus que deux jours ! Une case sans image pour te dire que j'espère que tu es entouré de gens qui t'aiment pour ces fêtes. Merci d'avoir joué le jeu de ce calendrier, ça me fait vraiment plaisir. | E8: =LEN(D8) -> 202
A9: Brice | B9: 24 | C9: 46380 | D9: Brice, je te fais plein de gros bisous ! Je te souhaite un joyeux réveillon et un très joyeux Noël, rempli de rires, de bonnes choses à table et de gens que tu aimes. Merci d'avoir ouvert toutes les cases jusqu'au bout. Prends soin de toi. | E9: =LEN(D9) -> 239
A10: Antoine | B10: 8 | C10: 46364 | D10: Salut Antoine ! Une case toute simple aujourd'hui : un mot pour te dire merci d'être quelqu'un sur qui on peut compter. Ça fait du bien de savoir que tu es là. Profite bien de ta journée, et de ton calendrier ! | E10: =LEN(D10) -> 210
A11: Antoine | B11: 14 | C11: 46370 | D11: Antoine, déjà la mi-décembre ! Aujourd'hui, simplement un mot pour te souhaiter une belle journée. J'espère que le calendrier te plaît jusqu'ici, et que la suite sera à la hauteur. | E11: =LEN(D11) -> 180
A12: Antoine | B12: 19 | C12: 46375 | D12: Antoine, Noël approche à grands pas ! Une case sans image aujourd'hui, avec tous mes vœux pour que ces derniers jours avant les fêtes soient doux. Profite des petits moments, ce sont les meilleurs. | E12: =LEN(D12) -> 197
A13: Antoine | B13: 22 | C13: 46378 | D13: Antoine, la veille de la veille ! Un petit mot pour te dire que j'espère que Noël sera à la hauteur de ce que tu mérites : chaleureux, drôle et plein de bonnes choses. À très vite pour les dernières cases. | E13: =LEN(D13) -> 205
A14: Antoine | B14: 24 | C14: 46380 | D14: Antoine, je te fais plein de gros bisous ! Passe un joyeux réveillon et un très joyeux Noël, entouré de ceux qui comptent. Merci d'avoir suivi ce calendrier jusqu'à la dernière case, ça me touche. Profite bien de chaque instant. | E14: =LEN(D14) -> 228
A15: Amandine | B15: 8 | C15: 46364 | D15: Coucou Amandine ! Aujourd'hui, juste quelques mots : ton sourire fait partie des petites lumières de mon mois de décembre. Garde un moment rien que pour toi aujourd'hui, avec quelque chose de bon à grignoter. | E15: =LEN(D15) -> 208
A16: Amandine | B16: 14 | C16: 46370 | D16: Amandine, on arrive à la moitié du calendrier ! Un petit mot aujourd'hui pour te dire que je suis content de pouvoir te faire plaisir avec ces petites surprises. Il en reste encore plein ! | E16: =LEN(D16) -> 188
... A39: Emerick | B39: 24 | C39: 46380 | D39: Emerick, je te fais plein de gros bisous ! Je te souhaite un joyeux réveillon et un très joyeux Noël, avec de la bonne humeur, de bonnes choses à table et les gens que tu aimes. Merci d'avoir ouvert toutes les cases jusqu'au bout. | E39: =LEN(D39) -> 230
